{
  "id": "hero-mancer",
  "title": "Hero Mancer",
  "description": "The one stop shop for creating your heroes in D&D 5e.",
  "version": "",
  "bugs": "https://github.com/Sayshal/hero-mancer/issues",
  "changelog": "https://github.com/Sayshal/hero-mancer/releases",
  "license": "https://github.com/Sayshal/hero-mancer?tab=MIT-1-ov-file",
  "readme": "https://github.com/Sayshal/hero-mancer?tab=readme-ov-file",
  "authors": [
    {
      "name": "Tyler",
      "discord": "Tyler",
      "url": "https://github.com/Sayshal",
      "flags": {}
    }
  ],
  "compatibility": {
    "maximum": "13",
    "minimum": "12.331",
    "verified": "12.331"
  },
  "download": "",
  "esmodules": ["scripts/app/HeroMancer.js", "scripts/hero-mancer.js", "scripts/settings.js"],
  "flags": {
    "hotReload": {
      "extensions": ["css", "html", "hbs", "json"],
      "paths": ["styles", "lang", "templates"]
    }
  },
  "languages": [
    {
      "lang": "en",
      "name": "English",
      "path": "lang/en.json"
    }
  ],
  "manifest": "",
  "relationships": {
    "systems": [
      {
        "compatibility": {
          "maximum": "4.3.x",
          "minimum": "3.3.1",
          "verified": "3.3.1"
        },
        "id": "dnd5e",
        "type": "system"
      }
    ]
  },
  "styles": ["styles/hero-mancer.css"],
  "url": "https://github.com/Sayshal/hero-mancer"
}
